doc,type,topic,count
0,0,13,1
0,1,13,1
0,2,13,1
0,3,2,1
0,4,2,1
0,5,2,2
0,6,13,1
0,7,2,1
0,8,2,1
0,9,2,6
0,10,2,1
0,11,2,1
0,12,2,1
0,13,3,2
0,14,2,1
0,15,2,1
0,16,2,1
0,17,2,1
0,18,3,1
0,19,2,1
0,20,2,1
0,21,2,1
0,22,2,2
0,23,2,1
0,24,2,1
0,25,2,1
0,26,2,1
0,27,35,1
0,28,3,1
0,29,2,1
0,30,2,1
0,31,2,1
0,32,13,1
0,33,35,1
0,34,2,1
0,35,2,2
0,36,2,1
0,37,2,1
0,38,2,1
0,39,2,1
0,40,35,2
0,41,2,1
0,42,2,1
0,43,2,1
0,44,2,1
0,45,2,1
0,46,27,1
0,47,2,1
0,48,2,1
0,49,2,1
0,50,2,1
0,51,2,1
0,52,2,1
0,53,2,1
0,54,3,1
0,55,2,1
0,56,3,1
0,57,2,1
0,58,2,1
0,59,27,1
0,60,2,1
0,61,3,1
0,62,2,1
0,63,2,1
0,64,13,1
0,65,3,1
0,66,2,1
0,67,2,1
0,68,27,1
0,69,2,1
0,70,2,1
0,71,2,1
0,72,2,1
1,0,13,1
1,1,13,1
1,2,13,1
1,46,25,1
1,54,3,1
1,60,25,1
1,73,25,1
1,74,25,1
1,75,25,2
1,76,25,1
1,77,25,3
1,78,25,1
1,79,25,2
1,80,25,2
1,81,25,2
1,82,25,1
1,83,25,2
1,84,25,1
1,85,25,1
1,86,25,1
1,87,25,1
1,88,25,1
1,89,25,1
1,90,25,2
1,91,25,1
1,92,25,1
1,93,13,1
1,94,25,1
1,95,25,1
1,96,25,1
1,97,25,1
1,98,25,1
1,99,25,2
1,100,25,1
1,101,25,1
1,102,25,1
1,103,25,1
1,104,25,1
1,105,3,1
1,106,25,1
1,107,25,1
1,108,25,1
1,109,25,1
1,110,25,1
1,111,13,1
1,112,25,1
1,113,25,1
1,114,25,1
1,115,25,1
1,116,3,1
1,117,25,1
1,118,25,1
1,119,25,1
1,120,25,1
1,121,25,1
1,122,25,1
1,123,25,1
1,124,25,1
1,125,25,1
1,126,25,1
1,127,25,1
1,128,25,1
1,129,25,1
1,130,25,1
1,131,25,1
1,132,25,1
1,133,25,1
1,134,25,1
1,135,25,1
1,136,25,1
1,137,25,1
1,138,25,1
1,139,25,1
1,140,25,1
1,141,25,1
1,142,3,1
2,143,20,1
2,144,36,1
2,145,36,1
2,146,32,2
2,147,36,1
2,148,36,1
2,149,36,1
2,150,36,1
2,151,36,1
2,152,36,1
2,153,36,1
3,120,5,1
3,154,5,1
3,155,5,1
4,4,30,1
4,28,30,1
4,124,23,1
4,149,30,1
4,156,23,1
4,157,30,1
4,158,30,1
4,159,30,1
4,160,30,1
4,161,30,1
4,162,30,1
4,163,30,1
4,164,30,1
4,165,30,1
4,166,30,1
4,167,30,1
5,0,34,1
5,1,34,1
5,2,34,1
5,4,6,1
5,72,6,1
5,124,34,1
5,168,41,1
5,169,41,1
5,170,41,1
5,171,41,1
5,172,41,1
5,173,41,1
5,174,41,1
5,175,41,1
5,176,41,1
5,177,41,1
5,178,41,1
5,179,41,1
5,180,34,1
5,181,41,1
5,182,41,1
5,183,34,1
5,184,41,1
5,185,34,2
5,186,41,1
5,187,41,1
5,188,6,1
5,189,41,1
5,190,41,1
5,191,41,1
5,192,41,1
5,193,41,1
5,194,41,1
5,195,41,1
5,196,41,1
5,197,41,1
5,198,41,1
5,199,41,1
5,200,41,1
5,201,41,1
5,202,41,1
5,203,34,1
5,204,41,1
5,205,41,1
5,206,41,1
6,207,7,1
7,208,7,1
8,209,1,1
9,210,25,1
9,211,25,1
10,212,41,1
10,213,41,1
10,214,41,1
10,215,41,1
10,216,41,1
10,217,45,1
10,218,41,1
10,219,45,1
10,220,41,1
10,221,41,1
10,222,45,1
10,223,41,1
11,0,13,1
11,1,13,1
11,2,13,1
11,6,13,1
11,111,13,1
11,224,13,1
11,225,13,1
11,226,13,1
11,227,13,1
12,79,21,1
12,228,21,1
13,0,13,1
13,1,13,1
13,2,13,1
13,229,13,1
13,230,13,1
13,231,13,1
13,232,13,1
13,233,13,1
13,234,13,1
13,235,13,1
13,236,13,1
13,237,13,1
13,238,13,1
13,239,13,1
13,240,13,1
13,241,13,1
14,9,3,1
14,13,3,2
14,61,3,1
14,63,38,1
14,65,3,2
14,86,38,1
14,87,38,1
14,96,38,1
14,104,38,1
14,105,3,3
14,109,38,3
14,142,3,1
14,146,3,2
14,183,38,1
14,192,38,1
14,209,1,1
14,218,38,1
14,242,38,1
14,243,38,1
14,244,38,3
14,245,38,1
14,246,38,1
14,247,1,2
14,248,38,1
14,249,38,1
14,250,16,4
14,251,38,1
14,252,38,1
14,253,38,1
14,254,1,2
14,255,38,2
14,256,3,2
14,257,3,2
14,258,38,1
14,259,38,1
14,260,38,1
14,261,3,1
14,262,38,2
14,263,38,1
14,264,38,1
14,265,38,1
14,266,38,1
14,267,38,1
14,268,1,2
14,269,16,3
14,270,38,1
14,271,38,1
14,272,38,3
14,273,38,1
14,274,38,1
14,275,38,1
14,276,38,1
14,277,3,2
14,278,38,2
14,279,16,2
14,280,38,1
14,281,38,2
14,282,38,1
14,283,38,1
14,284,38,1
14,285,38,1
14,286,38,3
14,287,38,1
14,288,38,1
14,289,38,1
14,290,38,1
14,291,38,1
14,292,38,1
14,293,38,1
14,294,38,1
14,295,16,3
14,296,38,1
14,297,3,1
14,298,38,1
14,299,38,1
14,300,38,1
14,301,38,3
14,302,38,1
14,303,38,1
14,304,38,1
14,305,38,1
14,306,38,1
14,307,38,1
14,308,38,1
14,309,38,1
14,310,38,1
14,311,38,1
14,312,38,1
14,313,16,2
14,314,38,1
14,315,38,1
14,316,3,2
14,317,38,1
14,318,38,1
14,319,38,1
14,320,38,1
14,321,38,1
14,322,38,2
14,323,38,1
14,324,38,1
14,325,38,1
14,326,38,2
14,327,1,2
14,328,38,1
14,329,38,1
14,330,38,1
14,331,38,1
14,332,38,1
14,333,38,1
14,334,38,1
14,335,38,1
14,336,16,2
14,337,38,2
14,338,38,1
14,339,38,1
14,340,1,2
14,341,38,1
14,342,38,1
14,343,38,1
14,344,38,1
14,345,38,1
14,346,38,1
14,347,38,1
14,348,38,1
14,349,38,1
14,350,38,1
14,351,3,2
14,352,38,2
14,353,38,1
14,354,38,1
14,355,38,1
14,356,3,3
14,357,38,1
14,358,38,1
14,359,38,1
14,360,38,1
14,361,38,1
14,362,38,1
14,363,38,1
14,364,38,1
14,365,38,1
14,366,38,2
14,367,38,1
14,368,38,1
14,369,38,1
14,370,38,1
14,371,38,1
14,372,3,1
14,373,38,1
14,374,1,2
14,375,38,1
14,376,16,3
14,377,38,1
14,378,1,2
14,379,38,1
14,380,38,1
14,381,38,1
14,382,38,1
14,383,38,1
14,384,38,1
14,385,38,1
14,386,38,1
14,387,38,1
14,388,38,1
14,389,38,1
14,390,38,1
14,391,38,1
14,392,38,1
14,393,3,2
14,394,38,2
14,395,38,1
14,396,38,1
14,397,38,1
14,398,38,1
14,399,38,1
14,400,38,1
14,401,38,1
14,402,38,1
14,403,38,1
14,404,38,1
14,405,38,1
14,406,38,1
14,407,3,1
14,408,38,1
14,409,38,1
14,410,38,1
14,411,38,1
14,412,38,1
14,413,38,1
14,414,38,1
14,415,1,2
14,416,38,1
14,417,38,1
14,418,38,1
14,419,38,1
14,420,3,1
14,421,38,1
14,422,38,1
14,423,38,1
14,424,38,1
14,425,38,1
14,426,38,1
14,427,38,1
14,428,38,1
14,429,38,1
14,430,38,1
14,431,38,1
14,432,38,1
14,433,38,1
14,434,38,1
14,435,38,1
14,436,16,2
14,437,38,1
15,9,3,2
15,13,3,1
15,54,3,1
15,61,3,1
15,65,3,1
15,79,14,1
15,230,14,2
15,242,14,1
15,257,3,1
15,301,14,1
15,351,3,1
15,372,3,1
15,398,14,1
15,407,3,1
15,420,3,1
15,422,14,2
15,436,14,1
15,438,14,3
15,439,14,2
15,440,14,2
15,441,14,1
15,442,14,1
15,443,14,1
15,444,14,1
15,445,14,6
15,446,14,1
15,447,14,1
15,448,14,1
15,449,14,1
15,450,14,1
15,451,14,1
15,452,14,1
15,453,14,1
15,454,14,1
15,455,14,1
15,456,14,1
15,457,14,1
15,458,14,1
15,459,14,1
15,460,14,1
15,461,14,1
15,462,14,1
15,463,14,1
15,464,14,1
15,465,14,1
15,466,14,1
15,467,14,1
15,468,14,1
15,469,14,1
15,470,14,1
15,471,14,1
15,472,14,1
15,473,14,1
15,474,14,1
15,475,14,1
15,476,14,1
15,477,14,1
15,478,14,1
15,479,14,1
15,480,14,1
15,481,14,1
15,482,14,1
15,483,14,1
15,484,14,1
16,54,40,1
16,289,40,1
16,357,40,1
16,485,40,1
16,486,40,1
16,487,40,1
16,488,40,1
16,489,40,1
16,490,15,1
16,491,15,1
16,492,40,1
16,493,40,1
16,494,40,1
16,495,40,1
16,496,40,1
16,497,40,1
16,498,40,1
16,499,40,1
17,2,18,1
17,4,18,1
17,49,18,2
17,51,18,2
17,60,18,1
17,313,18,1
17,496,18,1
17,500,18,1
17,501,18,1
17,502,18,1
17,503,18,1
17,504,18,1
17,505,18,1
17,506,18,1
17,507,18,1
17,508,18,1
17,509,18,1
17,510,18,1
17,511,18,1
17,512,18,1
17,513,18,1
17,514,18,1
17,515,18,1
18,143,20,2
18,484,20,1
18,516,20,2
18,517,20,1
18,518,20,1
18,519,20,1
18,520,20,1
18,521,20,1
18,522,20,1
18,523,20,1
19,0,34,2
19,1,34,2
19,2,34,2
19,10,34,1
19,12,12,1
19,13,12,4
19,36,12,1
19,64,12,1
19,68,12,1
19,84,12,1
19,89,12,1
19,107,12,1
19,124,34,3
19,180,34,1
19,183,34,1
19,185,34,2
19,217,12,4
19,231,12,1
19,251,12,1
19,261,3,1
19,262,12,1
19,302,12,1
19,316,3,1
19,340,12,1
19,420,3,2
19,436,12,3
19,524,12,1
19,525,12,1
19,526,12,1
19,527,12,1
19,528,12,1
19,529,12,1
19,530,12,2
19,531,12,1
19,532,12,1
19,533,12,1
19,534,12,1
19,535,12,1
19,536,12,1
19,537,12,1
19,538,12,1
19,539,12,1
19,540,12,1
19,541,12,1
19,542,12,1
19,543,12,1
19,544,12,1
19,545,12,1
19,546,12,1
19,547,12,1
19,548,12,1
19,549,12,2
19,550,34,1
19,551,12,1
19,552,12,1
19,553,12,1
19,554,12,1
19,555,12,1
19,556,12,1
19,557,12,1
19,558,12,1
19,559,12,1
19,560,12,1
19,561,12,1
19,562,12,1
19,563,12,1
19,564,12,1
19,565,12,1
19,566,12,1
19,567,12,1
19,568,12,1
19,569,12,1
19,570,12,1
19,571,12,1
19,572,12,1
19,573,12,1
19,574,12,1
19,575,12,1
19,576,12,1
19,577,12,2
19,578,12,1
19,579,3,1
19,580,12,1
19,581,12,1
19,582,12,1
19,583,12,1
19,584,12,1
19,585,12,1
19,586,12,1
19,587,12,1
19,588,12,1
19,589,12,1
19,590,12,1
19,591,12,1
19,592,12,1
19,593,12,1
19,594,12,1
19,595,12,1
19,596,12,1
19,597,34,1
19,598,12,1
19,599,12,1
19,600,12,1
19,601,12,1
20,0,34,3
20,1,34,3
20,2,34,3
20,10,34,1
20,12,22,1
20,22,22,2
20,60,7,1
20,122,7,1
20,124,34,3
20,185,34,3
20,203,34,1
20,258,22,1
20,303,22,1
20,313,22,1
20,366,22,1
20,382,22,2
20,395,22,1
20,497,22,2
20,540,22,1
20,550,34,1
20,552,7,1
20,597,34,1
20,602,22,1
20,603,22,5
20,604,22,3
20,605,22,1
20,606,22,1
20,607,22,1
20,608,22,1
20,609,22,1
20,610,22,2
20,611,22,1
20,612,22,1
20,613,22,1
20,614,22,1
20,615,22,1
20,616,22,1
20,617,34,2
20,618,34,3
20,619,22,1
20,620,22,1
20,621,22,1
20,622,22,1
20,623,22,1
20,624,22,1
20,625,22,4
20,626,22,1
20,627,22,1
20,628,22,1
20,629,22,1
20,630,22,1
20,631,22,1
20,632,22,1
20,633,22,1
20,634,7,1
20,635,22,1
20,636,22,1
20,637,22,1
20,638,22,1
20,639,22,1
20,640,22,1
20,641,22,1
20,642,22,3
20,643,22,1
20,644,22,1
20,645,22,1
20,646,22,1
20,647,22,1
20,648,22,1
20,649,22,1
20,650,7,1
20,651,22,1
20,652,22,1
20,653,22,1
20,654,22,1
20,655,7,1
20,656,22,1
20,657,22,1
21,64,49,1
21,499,43,1
21,658,49,1
21,659,49,1
21,660,49,1
21,661,49,1
21,662,49,3
21,663,49,1
21,664,49,1
21,665,49,2
21,666,49,1
21,667,43,1
21,668,49,1
21,669,49,1
21,670,49,2
21,671,49,1
21,672,49,1
22,9,2,1
22,422,2,1
22,673,9,1
22,674,9,1
22,675,9,1
22,676,9,1
22,677,9,1
22,678,9,1
22,679,9,1
22,680,9,1
22,681,9,1
22,682,9,1
22,683,9,1
22,684,9,1
22,685,9,1
22,686,9,1
22,687,9,1
22,688,9,1
22,689,9,1
22,690,9,1
22,691,9,1
22,692,9,1
22,693,9,1
22,694,9,1
23,4,6,1
23,6,19,1
23,30,19,1
23,64,6,1
23,120,5,1
23,191,5,2
23,202,19,1
23,241,19,1
23,250,19,2
23,301,19,1
23,327,19,2
23,351,19,2
23,421,19,1
23,476,19,2
23,496,19,1
23,497,19,1
23,509,19,3
23,530,19,1
23,561,19,1
23,595,5,1
23,616,19,4
23,646,19,1
23,655,19,1
23,695,19,1
23,696,19,1
23,697,5,1
23,698,19,1
23,699,19,1
23,700,19,1
23,701,19,1
23,702,19,3
23,703,19,1
23,704,19,1
23,705,19,1
23,706,19,1
23,707,19,1
23,708,19,1
23,709,5,2
23,710,19,1
23,711,19,1
23,712,19,1
23,713,19,1
23,714,19,1
23,715,19,1
23,716,19,1
23,717,19,1
23,718,19,1
23,719,19,1
23,720,19,1
23,721,19,1
23,722,19,1
23,723,6,1
23,724,19,3
23,725,19,1
23,726,19,1
23,727,19,1
23,728,19,2
23,729,19,1
23,730,19,1
23,731,19,1
23,732,6,1
23,733,5,1
23,734,19,1
23,735,19,1
23,736,19,1
23,737,19,2
23,738,19,1
23,739,19,1
23,740,19,1
23,741,19,1
23,742,19,1
23,743,19,1
23,744,19,1
23,745,19,1
23,746,19,1
23,747,19,1
23,748,19,1
23,749,19,1
23,750,19,1
23,751,19,1
23,752,19,1
23,753,19,1
23,754,19,1
23,755,19,1
23,756,6,2
23,757,19,2
23,758,19,1
23,759,19,1
23,760,19,1
23,761,19,1
23,762,19,2
23,763,19,1
23,764,19,2
23,765,5,2
23,766,19,1
23,767,19,1
23,768,19,1
23,769,19,1
23,770,19,1
23,771,19,1
23,772,19,1
23,773,6,1
24,13,11,1
24,28,11,1
24,65,11,2
24,178,11,1
24,255,11,3
24,301,11,3
24,477,11,2
24,706,11,2
24,774,11,3
24,775,11,2
24,776,11,3
24,777,11,2
24,778,11,3
24,779,11,3
24,780,11,3
24,781,11,4
24,782,11,1
24,783,11,1
24,784,11,1
24,785,11,1
24,786,11,1
24,787,11,1
24,788,11,1
24,789,11,1
24,790,11,1
24,791,11,1
25,13,27,2
25,105,32,1
25,120,5,1
25,128,32,1
25,192,32,1
25,195,32,1
25,298,32,1
25,299,32,1
25,484,32,1
25,490,32,1
25,595,5,1
25,786,32,1
25,790,32,1
25,792,27,1
25,793,32,1
25,794,32,1
25,795,32,1
25,796,32,1
25,797,32,1
25,798,32,1
25,799,32,1
25,800,32,1
25,801,32,1
25,802,32,1
25,803,32,1
25,804,32,1
25,805,32,1
25,806,32,1
25,807,32,2
25,808,32,2
25,809,32,1
25,810,32,1
25,811,32,1
25,812,32,1
25,813,32,1
25,814,32,1
25,815,32,1
25,816,32,1
25,817,32,1
25,818,32,1
25,819,27,1
25,820,32,1
25,821,32,1
25,822,32,1
25,823,32,1
25,824,32,1
25,825,32,1
25,826,32,1
25,827,32,1
26,828,7,1
26,829,7,1
27,828,8,1
27,829,8,1
28,13,28,3
28,28,28,1
28,31,28,2
28,60,28,2
28,64,28,1
28,68,28,1
28,123,28,1
28,124,28,3
28,142,28,1
28,191,28,1
28,192,21,1
28,212,21,2
28,300,28,1
28,313,28,1
28,362,28,1
28,374,28,1
28,405,21,1
28,473,28,1
28,571,28,1
28,634,28,2
28,655,28,1
28,703,28,1
28,723,28,1
28,756,28,3
28,808,28,1
28,812,28,1
28,813,28,1
28,830,28,1
28,831,28,6
28,832,28,2
28,833,28,2
28,834,28,1
28,835,28,1
28,836,21,2
28,837,28,1
28,838,28,3
28,839,28,3
28,840,28,3
28,841,28,2
28,842,28,1
28,843,28,1
28,844,28,1
28,845,28,1
28,846,28,2
28,847,28,1
28,848,28,1
28,849,28,1
28,850,28,1
28,851,21,1
28,852,28,1
28,853,28,1
28,854,28,7
28,855,28,4
28,856,28,2
28,857,28,3
28,858,28,1
28,859,21,1
28,860,28,1
28,861,28,1
28,862,28,1
28,863,28,1
28,864,28,1
28,865,21,2
28,866,28,1
28,867,28,1
28,868,28,1
28,869,28,1
28,870,21,1
28,871,28,1
28,872,28,1
28,873,28,1
28,874,21,1
28,875,28,1
28,876,21,1
28,877,28,1
28,878,28,1
28,879,28,1
28,880,28,1
28,881,28,2
28,882,28,1
28,883,21,1
28,884,28,1
28,885,28,1
28,886,28,1
28,887,28,1
28,888,21,1
28,889,28,1
28,890,28,1
28,891,28,1
28,892,28,1
28,893,28,1
28,894,28,1
28,895,28,1
28,896,21,1
28,897,28,1
28,898,28,1
28,899,28,1
28,900,28,1
28,901,28,1
28,902,28,1
28,903,28,1
28,904,28,1
28,905,28,1
28,906,28,1
29,13,28,3
29,28,28,1
29,31,28,2
29,60,28,2
29,64,28,1
29,68,28,1
29,123,28,1
29,124,28,3
29,142,28,1
29,191,28,1
29,192,21,1
29,212,21,2
29,300,28,1
29,313,28,1
29,362,28,1
29,374,28,1
29,405,21,1
29,473,28,1
29,571,28,1
29,634,28,2
29,655,28,1
29,703,28,1
29,723,28,1
29,756,28,3
29,808,28,1
29,812,28,1
29,813,28,1
29,830,28,1
29,831,28,6
29,832,28,2
29,833,28,2
29,834,28,1
29,835,28,1
29,836,21,2
29,837,28,1
29,838,28,3
29,839,28,3
29,840,28,3
29,841,28,2
29,842,28,1
29,843,28,1
29,844,28,1
29,845,28,1
29,846,28,2
29,847,28,1
29,848,28,1
29,849,28,1
29,850,28,1
29,851,21,1
29,852,28,1
29,853,28,1
29,854,28,7
29,855,28,4
29,856,28,2
29,857,28,3
29,858,28,1
29,859,21,1
29,860,28,1
29,861,28,1
29,862,28,1
29,863,28,1
29,864,28,1
29,865,21,2
29,866,28,1
29,867,28,1
29,868,28,1
29,869,28,1
29,870,21,1
29,871,28,1
29,872,28,1
29,873,28,1
29,874,21,1
29,875,28,1
29,876,21,1
29,877,28,1
29,878,28,1
29,879,28,1
29,880,28,1
29,881,28,2
29,882,28,1
29,883,21,1
29,884,28,1
29,885,28,1
29,886,28,1
29,887,28,1
29,888,21,1
29,889,28,1
29,890,28,1
29,891,28,1
29,892,28,1
29,893,28,1
29,894,28,1
29,895,28,1
29,896,21,1
29,897,28,1
29,898,28,1
29,899,28,1
29,900,28,1
29,901,28,1
29,902,28,1
29,903,28,1
29,904,28,1
29,905,28,1
29,906,28,1
30,13,28,3
30,28,28,1
30,31,28,2
30,60,28,2
30,64,28,1
30,68,28,1
30,123,28,1
30,124,28,3
30,142,28,1
30,191,28,1
30,192,21,1
30,212,21,2
30,300,28,1
30,313,28,1
30,362,28,1
30,374,28,1
30,405,21,1
30,473,28,1
30,571,28,1
30,634,28,2
30,655,28,1
30,703,28,1
30,723,28,1
30,756,28,3
30,808,28,1
30,812,28,1
30,813,28,1
30,830,28,1
30,831,28,6
30,832,28,2
30,833,28,2
30,834,28,1
30,835,28,1
30,836,21,2
30,837,28,1
30,838,28,3
30,839,28,3
30,840,28,3
30,841,28,2
30,842,28,1
30,843,28,1
30,844,28,1
30,845,28,1
30,846,28,2
30,847,28,1
30,848,28,1
30,849,28,1
30,850,28,1
30,851,21,1
30,852,28,1
30,853,28,1
30,854,28,7
30,855,28,4
30,856,28,2
30,857,28,3
30,858,28,1
30,859,21,1
30,860,28,1
30,861,28,1
30,862,28,1
30,863,28,1
30,864,28,1
30,865,21,2
30,866,28,1
30,867,28,1
30,868,28,1
30,869,28,1
30,870,21,1
30,871,28,1
30,872,28,1
30,873,28,1
30,874,21,1
30,875,28,1
30,876,21,1
30,877,28,1
30,878,28,1
30,879,28,1
30,880,28,1
30,881,28,2
30,882,28,1
30,883,21,1
30,884,28,1
30,885,28,1
30,886,28,1
30,887,28,1
30,888,21,1
30,889,28,1
30,890,28,1
30,891,28,1
30,892,28,1
30,893,28,1
30,894,28,1
30,895,28,1
30,896,21,1
30,897,28,1
30,898,28,1
30,899,28,1
30,900,28,1
30,901,28,1
30,902,28,1
30,903,28,1
30,904,28,1
30,905,28,1
30,906,28,1
31,13,23,1
31,18,23,1
31,40,23,2
31,64,23,1
31,68,23,1
31,80,23,1
31,86,23,1
31,105,23,1
31,115,23,1
31,124,23,10
31,181,23,1
31,258,23,2
31,366,22,1
31,490,15,1
31,491,15,1
31,578,23,1
31,604,22,2
31,642,22,2
31,743,23,1
31,868,23,1
31,907,23,1
31,908,23,2
31,909,23,1
31,910,23,1
31,911,23,1
31,912,23,1
31,913,23,1
31,914,23,1
31,915,23,2
31,916,23,1
31,917,23,1
31,918,15,1
31,919,23,1
31,920,23,1
31,921,23,1
31,922,23,1
31,923,23,1
31,924,23,1
31,925,23,1
31,926,23,1
31,927,23,1
31,928,23,1
31,929,23,1
31,930,23,1
31,931,23,1
31,932,23,1
31,933,23,1
31,934,23,1
31,935,23,1
32,2,18,1
32,4,18,1
32,49,18,2
32,51,18,2
32,60,18,1
32,313,18,1
32,496,18,1
32,500,18,1
32,501,18,1
32,502,18,1
32,503,18,1
32,504,18,1
32,505,18,1
32,506,18,1
32,507,18,1
32,508,18,1
32,509,18,1
32,510,18,1
32,511,18,1
32,512,18,1
32,513,18,1
32,514,18,1
32,515,18,1
33,4,45,1
33,22,45,1
33,51,45,3
33,78,45,1
33,95,45,1
33,123,45,1
33,124,45,3
33,217,45,2
33,219,45,2
33,222,45,1
33,316,45,2
33,462,45,1
33,484,45,14
33,518,45,22
33,552,45,1
33,558,45,3
33,662,45,1
33,739,45,2
33,755,45,1
33,756,45,1
33,831,45,1
33,837,45,1
33,860,45,1
33,867,45,1
33,884,45,1
33,893,45,2
33,910,45,1
33,931,45,1
33,932,45,1
33,936,45,1
33,937,45,1
33,938,45,1
33,939,45,1
33,940,45,1
33,941,45,1
33,942,45,3
33,943,45,1
33,944,45,1
33,945,45,3
33,946,45,1
33,947,45,1
33,948,45,1
33,949,45,1
33,950,45,1
33,951,45,1
33,952,45,1
33,953,45,1
33,954,45,1
33,955,45,1
33,956,45,1
33,957,45,1
33,958,45,1
33,959,45,1
33,960,45,1
33,961,45,3
33,962,45,1
33,963,45,1
33,964,45,1
33,965,45,2
33,966,45,1
33,967,45,1
33,968,45,1
33,969,45,1
33,970,45,1
33,971,45,1
33,972,45,1
33,973,45,1
33,974,45,1
33,975,45,1
33,976,45,1
33,977,45,1
33,978,45,1
33,979,45,1
33,980,45,8
33,981,45,1
33,982,45,1
33,983,45,1
33,984,45,1
33,985,45,1
33,986,45,1
33,987,45,1
33,988,45,1
33,989,45,1
33,990,45,1
33,991,45,1
33,992,45,1
33,993,45,1
33,994,45,2
33,995,45,1
33,996,45,1
33,997,45,1
33,998,45,1
33,999,45,1
33,1000,45,1
33,1001,45,1
33,1002,45,1
33,1003,45,1
33,1004,45,1
33,1005,45,1
33,1006,45,1
33,1007,45,1
33,1008,45,1
33,1009,45,1
33,1010,45,1
34,4,45,1
34,22,45,1
34,51,45,3
34,78,45,1
34,95,45,1
34,123,45,1
34,124,45,3
34,217,45,2
34,219,45,2
34,222,45,1
34,316,45,2
34,462,45,1
34,484,45,14
34,518,45,22
34,552,45,1
34,558,45,3
34,662,45,1
34,739,45,2
34,755,45,1
34,756,45,1
34,831,45,1
34,837,45,1
34,860,45,1
34,867,45,1
34,884,45,1
34,893,45,2
34,910,45,1
34,931,45,1
34,932,45,1
34,936,45,1
34,937,45,1
34,938,45,1
34,939,45,1
34,940,45,1
34,941,45,1
34,942,45,3
34,943,45,1
34,944,45,1
34,945,45,3
34,946,45,1
34,947,45,1
34,948,45,1
34,949,45,1
34,950,45,1
34,951,45,1
34,952,45,1
34,953,45,1
34,954,45,1
34,955,45,1
34,956,45,1
34,957,45,1
34,958,45,1
34,959,45,1
34,960,45,1
34,961,45,3
34,962,45,1
34,963,45,1
34,964,45,1
34,965,45,2
34,966,45,1
34,967,45,1
34,968,45,1
34,969,45,1
34,970,45,1
34,971,45,1
34,972,45,1
34,973,45,1
34,974,45,1
34,975,45,1
34,976,45,1
34,977,45,1
34,978,45,1
34,979,45,1
34,980,45,8
34,981,45,1
34,982,45,1
34,983,45,1
34,984,45,1
34,985,45,1
34,986,45,1
34,987,45,1
34,988,45,1
34,989,45,1
34,990,45,1
34,991,45,1
34,992,45,1
34,993,45,1
34,994,45,2
34,995,45,1
34,996,45,1
34,997,45,1
34,998,45,1
34,999,45,1
34,1000,45,1
34,1001,45,1
34,1002,45,1
34,1003,45,1
34,1004,45,1
34,1005,45,1
34,1006,45,1
34,1007,45,1
34,1008,45,1
34,1009,45,1
34,1010,45,1
35,366,7,1
35,458,18,1
35,484,20,1
35,511,18,1
35,650,7,1
35,833,18,1
35,1011,18,1
35,1012,18,1
35,1013,18,1
35,1014,18,1
35,1015,18,1
36,61,37,4
36,124,23,4
36,258,23,2
36,313,37,1
36,469,37,4
36,476,37,1
36,566,37,6
36,730,37,4
36,756,37,1
36,900,37,1
36,907,23,1
36,908,37,2
36,1016,37,1
36,1017,37,3
36,1018,37,1
36,1019,37,1
36,1020,37,3
36,1021,37,1
36,1022,37,1
36,1023,37,1
36,1024,37,1
36,1025,37,1
36,1026,37,1
36,1027,37,1
36,1028,37,1
36,1029,37,1
37,68,31,1
37,104,31,1
37,124,31,1
37,161,31,1
37,362,31,1
37,472,31,1
37,484,20,1
37,516,20,2
37,517,20,1
37,518,20,1
37,732,31,1
37,860,31,1
37,1016,31,1
37,1030,31,2
37,1031,31,2
37,1032,31,2
37,1033,31,3
37,1034,31,1
37,1035,31,1
37,1036,31,1
37,1037,31,2
37,1038,31,1
37,1039,31,1
37,1040,31,1
37,1041,31,2
37,1042,31,1
37,1043,31,1
37,1044,31,1
37,1045,31,1
37,1046,31,1
37,1047,31,1
37,1048,31,2
37,1049,31,1
37,1050,31,2
37,1051,31,1
37,1052,31,2
37,1053,31,1
37,1054,31,1
37,1055,31,1
37,1056,31,1
37,1057,31,1
37,1058,31,1
37,1059,31,1
37,1060,31,1
37,1061,31,2
37,1062,31,1
37,1063,31,1
37,1064,31,1
37,1065,31,1
37,1066,31,1
37,1067,31,1
37,1068,31,2
37,1069,31,1
37,1070,31,1
37,1071,31,1
37,1072,31,1
37,1073,31,1
37,1074,31,1
37,1075,31,1
38,1076,37,1
38,1077,37,1
39,143,20,2
39,484,20,1
39,516,20,2
39,517,20,1
39,518,20,1
39,519,20,1
39,520,20,1
39,521,20,1
39,522,20,1
39,523,20,1
40,12,15,2
40,219,20,1
40,484,20,1
40,491,15,1
40,517,20,1
40,918,15,1
40,1078,15,1
40,1079,15,1
40,1080,15,1
40,1081,15,1
40,1082,15,1
40,1083,15,2
40,1084,15,1
40,1085,15,1
40,1086,15,1
40,1087,15,1
40,1088,15,1
40,1089,15,1
40,1090,15,1
40,1091,15,1
41,13,23,1
41,124,23,2
41,143,20,1
41,399,48,1
41,493,48,1
41,839,48,1
41,1092,48,1
41,1093,48,1
41,1094,48,1
41,1095,48,1
41,1096,48,1
41,1097,48,1
41,1098,48,1
41,1099,48,1
41,1100,48,1
41,1101,48,1
41,1102,48,1
41,1103,48,1
41,1104,48,1
41,1105,48,1
41,1106,48,1
41,1107,23,1
41,1108,48,1
41,1109,48,1
41,1110,48,1
41,1111,48,1
41,1112,48,1
42,6,37,1
42,109,37,1
42,756,37,1
42,832,37,1
42,1017,37,1
42,1077,37,1
42,1113,37,1
42,1114,37,1
42,1115,37,1
42,1116,37,1
42,1117,37,1
42,1118,37,1
43,6,37,1
43,109,37,1
43,756,37,1
43,832,37,1
43,1017,37,1
43,1077,37,1
43,1113,37,1
43,1114,37,1
43,1115,37,1
43,1116,37,1
43,1117,37,1
43,1118,37,1
44,49,18,1
44,1010,18,1
44,1101,18,1
44,1119,18,1
44,1120,18,1
44,1121,18,1
44,1122,18,1
44,1123,18,1
44,1124,18,1
44,1125,18,1
44,1126,18,1
44,1127,18,1
44,1128,18,1
45,60,7,1
45,119,7,2
45,157,8,1
45,299,8,1
45,634,7,1
45,650,7,1
45,841,8,1
45,1003,7,1
45,1058,8,1
45,1119,8,1
45,1129,8,1
45,1130,8,1
45,1131,7,1
45,1132,8,1
45,1133,7,1
46,4,6,1
46,21,46,1
46,28,28,1
46,32,46,1
46,68,28,1
46,86,46,1
46,144,6,1
46,301,46,2
46,831,28,2
46,846,28,1
46,854,28,1
46,860,28,1
46,861,28,1
46,866,28,1
46,883,46,1
46,884,28,1
46,893,28,1
46,894,28,1
46,998,46,1
46,1134,46,1
46,1135,46,1
46,1136,46,1
46,1137,46,1
46,1138,46,1
46,1139,46,1
46,1140,46,1
46,1141,46,1
46,1142,46,1
46,1143,46,1
46,1144,46,1
46,1145,46,1
46,1146,46,1
46,1147,46,1
46,1148,46,1
46,1149,46,1
46,1150,46,1
46,1151,46,1
46,1152,46,1
46,1153,46,1
46,1154,46,1
46,1155,46,1
46,1156,46,1
46,1157,46,1
47,22,20,1
47,143,20,8
47,484,20,4
47,516,20,8
47,517,20,4
47,518,20,4
47,519,20,4
47,573,20,1
47,839,20,1
47,840,20,2
47,884,20,1
47,1134,20,1
47,1151,20,1
47,1155,20,1
47,1158,20,1
47,1159,20,1
47,1160,20,1
47,1161,20,1
47,1162,20,1
47,1163,20,1
47,1164,20,1
47,1165,20,1
47,1166,20,2
47,1167,20,1
47,1168,20,1
47,1169,20,1
47,1170,20,1
47,1171,20,1
47,1172,20,1
47,1173,20,1
47,1174,20,1
47,1175,20,1
47,1176,20,2
47,1177,20,1
47,1178,20,1
47,1179,20,1
47,1180,20,1
47,1181,20,1
47,1182,20,1
47,1183,20,1
47,1184,20,1
47,1185,20,1
48,13,36,1
48,18,36,1
48,60,7,1
48,94,36,1
48,124,36,1
48,142,36,1
48,143,20,3
48,144,36,1
48,155,36,1
48,164,36,2
48,178,36,1
48,212,7,1
48,248,36,1
48,260,36,1
48,338,36,1
48,452,36,1
48,484,20,1
48,498,24,2
48,516,20,2
48,517,20,1
48,518,20,1
48,519,20,1
48,528,36,1
48,548,36,1
48,618,36,1
48,631,36,1
48,634,7,1
48,641,36,1
48,642,36,1
48,655,7,1
48,697,0,2
48,769,36,2
48,802,36,1
48,822,36,1
48,839,24,3
48,876,36,1
48,878,7,1
48,1003,7,1
48,1021,36,2
48,1100,24,2
48,1154,36,1
48,1186,36,1
48,1187,36,1
48,1188,36,1
48,1189,36,1
48,1190,36,1
48,1191,36,1
48,1192,36,1
48,1193,36,1
48,1194,36,1
48,1195,36,1
48,1196,36,1
48,1197,36,1
48,1198,36,1
48,1199,24,1
48,1200,36,1
48,1201,36,1
48,1202,36,1
48,1203,36,1
48,1204,36,1
48,1205,36,1
48,1206,36,1
48,1207,36,1
48,1208,20,2
48,1209,36,2
48,1210,36,1
48,1211,0,2
48,1212,36,1
48,1213,36,1
48,1214,36,1
48,1215,36,1
48,1216,36,1
48,1217,36,1
48,1218,24,1
48,1219,36,1
48,1220,7,1
48,1221,36,1
48,1222,36,1
48,1223,36,1
48,1224,36,2
48,1225,36,1
48,1226,36,1
48,1227,36,1
48,1228,36,1
48,1229,36,1
48,1230,36,1
48,1231,36,1
48,1232,36,1
48,1233,36,1
48,1234,36,1
48,1235,36,1
48,1236,36,1
48,1237,36,1
48,1238,36,1
48,1239,36,1
48,1240,36,1
48,1241,36,1
48,1242,36,1
48,1243,36,1
48,1244,36,1
48,1245,36,1
48,1246,36,1
48,1247,36,1
48,1248,36,1
48,1249,36,1
48,1250,36,1
48,1251,36,1
48,1252,36,1
48,1253,36,1
48,1254,36,1
48,1255,36,1
48,1256,36,1
48,1257,36,1
48,1258,36,1
48,1259,36,1
48,1260,0,2
48,1261,36,1
48,1262,36,1
48,1263,36,1
48,1264,36,1
48,1265,36,1
48,1266,36,1
48,1267,36,1
48,1268,36,1
48,1269,36,1
48,1270,36,1
48,1271,36,1
48,1272,7,2
48,1273,36,1
48,1274,36,1
48,1275,36,1
48,1276,36,1
48,1277,36,1
48,1278,36,1
48,1279,36,1
48,1280,36,1
48,1281,36,1
49,22,20,1
49,143,20,8
49,484,20,4
49,516,20,8
49,517,20,4
49,518,20,4
49,519,20,4
49,573,20,1
49,839,20,1
49,840,20,2
49,884,20,1
49,1134,20,1
49,1151,20,1
49,1155,20,1
49,1158,20,1
49,1159,20,1
49,1160,20,1
49,1161,20,1
49,1162,20,1
49,1163,20,1
49,1164,20,1
49,1165,20,1
49,1166,20,2
49,1167,20,1
49,1168,20,1
49,1169,20,1
49,1170,20,1
49,1171,20,1
49,1172,20,1
49,1173,20,1
49,1174,20,1
49,1175,20,1
49,1176,20,2
49,1177,20,1
49,1178,20,1
49,1179,20,1
49,1180,20,1
49,1181,20,1
49,1182,20,1
49,1183,20,1
49,1184,20,1
49,1185,20,1
50,22,20,1
50,143,20,8
50,484,20,4
50,516,20,8
50,517,20,4
50,518,20,4
50,519,20,4
50,573,20,1
50,839,20,1
50,840,20,2
50,884,20,1
50,1134,20,1
50,1151,20,1
50,1155,20,1
50,1158,20,1
50,1159,20,1
50,1160,20,1
50,1161,20,1
50,1162,20,1
50,1163,20,1
50,1164,20,1
50,1165,20,1
50,1166,20,2
50,1167,20,1
50,1168,20,1
50,1169,20,1
50,1170,20,1
50,1171,20,1
50,1172,20,1
50,1173,20,1
50,1174,20,1
50,1175,20,1
50,1176,20,2
50,1177,20,1
50,1178,20,1
50,1179,20,1
50,1180,20,1
50,1181,20,1
50,1182,20,1
50,1183,20,1
50,1184,20,1
50,1185,20,1
51,22,20,1
51,143,20,8
51,484,20,4
51,516,20,8
51,517,20,4
51,518,20,4
51,519,20,4
51,573,20,1
51,839,20,1
51,840,20,2
51,884,20,1
51,1134,20,1
51,1151,20,1
51,1155,20,1
51,1158,20,1
51,1159,20,1
51,1160,20,1
51,1161,20,1
51,1162,20,1
51,1163,20,1
51,1164,20,1
51,1165,20,1
51,1166,20,2
51,1167,20,1
51,1168,20,1
51,1169,20,1
51,1170,20,1
51,1171,20,1
51,1172,20,1
51,1173,20,1
51,1174,20,1
51,1175,20,1
51,1176,20,2
51,1177,20,1
51,1178,20,1
51,1179,20,1
51,1180,20,1
51,1181,20,1
51,1182,20,1
51,1183,20,1
51,1184,20,1
51,1185,20,1
52,13,23,1
52,21,23,1
52,60,7,1
52,907,23,1
52,1282,7,1
52,1283,7,1
52,1284,7,1
52,1285,7,1
52,1286,7,1
52,1287,7,1
52,1288,7,1
52,1289,7,1
53,0,13,1
53,1,13,1
53,2,13,1
53,308,13,1
53,310,13,1
53,588,13,1
53,655,13,1
53,671,13,1
53,790,13,1
53,839,13,1
53,1290,13,1
53,1291,13,1
53,1292,13,1
53,1293,13,1
53,1294,13,1
53,1295,13,1
53,1296,6,1
53,1297,6,2
53,1298,13,1
53,1299,13,1
53,1300,13,1
53,1301,13,1
53,1302,13,1
53,1303,13,1
53,1304,13,1
53,1305,13,1
54,1306,7,1
55,21,43,1
55,22,43,1
55,45,43,1
55,49,43,6
55,59,43,2
55,84,43,1
55,120,43,1
55,362,43,1
55,499,43,2
55,504,43,2
55,510,43,1
55,549,43,1
55,573,43,1
55,650,43,2
55,655,43,1
55,667,43,1
55,707,43,1
55,756,43,1
55,813,43,1
55,816,43,1
55,822,43,1
55,873,43,1
55,906,43,1
55,957,43,1
55,1003,43,1
55,1022,43,2
55,1218,43,1
55,1307,43,1
55,1308,43,1
55,1309,43,1
55,1310,43,1
55,1311,43,1
55,1312,43,1
55,1313,43,1
55,1314,43,1
55,1315,43,1
55,1316,43,1
55,1317,43,2
55,1318,43,2
55,1319,43,1
55,1320,43,1
55,1321,43,1
55,1322,43,1
55,1323,43,1
55,1324,43,1
55,1325,43,1
55,1326,43,1
55,1327,43,1
55,1328,43,1
55,1329,43,1
55,1330,43,1
55,1331,43,1
55,1332,43,1
55,1333,43,1
55,1334,43,1
55,1335,43,1
55,1336,43,1
55,1337,43,1
55,1338,43,1
55,1339,43,1
55,1340,43,1
55,1341,43,1
56,21,43,1
56,22,43,1
56,45,43,1
56,49,43,6
56,59,43,2
56,84,43,1
56,120,43,1
56,362,43,1
56,499,43,2
56,504,43,2
56,510,43,1
56,549,43,1
56,573,43,1
56,650,43,2
56,655,43,1
56,667,43,1
56,707,43,1
56,756,43,1
56,813,43,1
56,816,43,1
56,822,43,1
56,873,43,1
56,906,43,1
56,957,43,1
56,1003,43,1
56,1022,43,2
56,1218,43,1
56,1307,43,1
56,1308,43,1
56,1309,43,1
56,1310,43,1
56,1311,43,1
56,1312,43,1
56,1313,43,1
56,1314,43,1
56,1315,43,1
56,1316,43,1
56,1317,43,2
56,1318,43,2
56,1319,43,1
56,1320,43,1
56,1321,43,1
56,1322,43,1
56,1323,43,1
56,1324,43,1
56,1325,43,1
56,1326,43,1
56,1327,43,1
56,1328,43,1
56,1329,43,1
56,1330,43,1
56,1331,43,1
56,1332,43,1
56,1333,43,1
56,1334,43,1
56,1335,43,1
56,1336,43,1
56,1337,43,1
56,1338,43,1
56,1339,43,1
56,1340,43,1
56,1341,43,1
57,49,18,1
57,51,18,1
57,59,43,1
57,219,45,1
57,256,33,1
57,366,7,1
57,484,45,1
57,504,18,2
57,518,45,1
57,755,18,1
57,833,18,1
57,1018,33,1
57,1085,33,1
57,1131,7,1
57,1337,43,1
57,1342,33,1
57,1343,33,1
57,1344,33,3
57,1345,33,1
57,1346,33,1
57,1347,33,1
57,1348,33,1
57,1349,33,1
57,1350,33,1
57,1351,33,1
57,1352,33,1
57,1353,33,1
57,1354,33,1
57,1355,33,1
57,1356,33,1
58,4,4,1
58,49,4,4
58,143,20,4
58,219,4,2
58,484,20,2
58,516,20,4
58,518,20,2
58,519,20,2
58,566,4,2
58,813,4,2
58,822,4,1
58,927,4,2
58,1016,4,2
58,1357,4,2
58,1358,4,2
58,1359,4,3
58,1360,4,3
58,1361,4,2
58,1362,4,3
58,1363,4,2
58,1364,4,1
58,1365,4,2
58,1366,4,1
58,1367,4,1
58,1368,4,1
58,1369,4,1
58,1370,4,1
58,1371,4,1
58,1372,4,1
59,4,4,1
59,49,4,4
59,143,20,4
59,219,4,2
59,484,20,2
59,516,20,4
59,518,20,2
59,519,20,2
59,566,4,2
59,813,4,2
59,822,4,1
59,927,4,2
59,1016,4,2
59,1357,4,2
59,1358,4,2
59,1359,4,3
59,1360,4,3
59,1361,4,2
59,1362,4,3
59,1363,4,2
59,1364,4,1
59,1365,4,2
59,1366,4,1
59,1367,4,1
59,1368,4,1
59,1369,4,1
59,1370,4,1
59,1371,4,1
59,1372,4,1
60,143,20,1
60,219,20,1
60,484,20,1
60,518,20,1
60,519,20,1
60,1373,20,1
61,22,24,1
61,69,24,1
61,84,24,1
61,95,24,1
61,142,3,1
61,148,24,1
61,297,3,1
61,374,18,1
61,461,7,1
61,491,24,1
61,616,24,1
61,655,7,1
61,755,18,1
61,807,32,1
61,812,32,1
61,817,32,1
61,833,18,1
61,839,24,1
61,921,24,1
61,1034,24,1
61,1100,24,1
61,1153,24,1
61,1199,24,1
61,1218,24,1
61,1284,7,1
61,1297,24,1
61,1374,24,1
61,1375,7,1
61,1376,7,1
61,1377,24,1
61,1378,24,1
61,1379,24,1
61,1380,24,1
61,1381,24,1
61,1382,24,1
61,1383,24,1
61,1384,32,2
61,1385,24,1
61,1386,24,1
61,1387,24,1
61,1388,24,1
61,1389,24,1
61,1390,24,1
61,1391,24,1
61,1392,24,1
61,1393,24,1
61,1394,24,1
61,1395,24,1
62,60,7,1
62,90,23,1
62,122,7,1
62,745,23,1
62,878,7,1
62,1284,7,1
62,1396,7,1
62,1397,7,1
62,1398,7,1
62,1399,7,1
62,1400,7,1
62,1401,7,1
62,1402,7,1
62,1403,7,1
63,49,18,1
63,755,18,1
63,992,15,1
63,1404,15,1
63,1405,15,1
63,1406,15,1
63,1407,15,1
63,1408,15,1
63,1409,15,1
63,1410,15,1
63,1411,15,1
63,1412,15,1
64,26,47,1
64,129,47,1
64,313,47,1
64,507,47,1
64,581,47,1
64,582,47,1
64,646,47,1
64,699,47,1
64,976,47,1
64,1243,47,2
64,1284,47,1
64,1413,47,1
64,1414,47,1
64,1415,47,1
64,1416,47,2
64,1417,47,3
64,1418,47,1
64,1419,47,1
64,1420,47,1
64,1421,47,3
64,1422,47,3
64,1423,47,1
64,1424,47,1
64,1425,47,1
64,1426,47,1
64,1427,47,1
64,1428,47,1
64,1429,47,1
64,1430,47,2
64,1431,47,3
64,1432,47,1
64,1433,47,1
64,1434,47,1
64,1435,47,1
64,1436,47,1
64,1437,47,1
64,1438,47,1
64,1439,47,1
64,1440,47,1
64,1441,47,1
64,1442,47,1
64,1443,47,1
64,1444,47,1
64,1445,47,1
64,1446,47,1
64,1447,47,1
64,1448,47,1
64,1449,47,1
65,49,18,1
65,126,40,1
65,258,40,1
65,374,18,1
65,489,40,1
65,511,18,1
65,756,40,1
65,883,40,1
65,1450,40,1
65,1451,40,1
65,1452,40,1
65,1453,40,1
65,1454,40,1
66,131,48,1
66,839,48,2
66,840,48,2
66,893,48,1
66,1106,48,1
66,1159,48,1
66,1455,48,2
66,1456,48,1
66,1457,48,1
66,1458,48,1
66,1459,48,1
66,1460,48,1
66,1461,48,1
66,1462,48,1
67,13,3,2
67,18,3,1
67,28,3,1
67,35,26,1
67,49,26,1
67,54,3,1
67,56,3,1
67,60,7,1
67,61,3,1
67,116,3,1
67,155,26,2
67,257,3,3
67,261,3,1
67,297,3,1
67,316,3,1
67,372,3,1
67,552,7,1
67,579,3,1
67,644,26,1
67,749,26,1
67,836,26,1
67,1016,26,1
67,1021,26,1
67,1093,26,1
67,1133,7,1
67,1158,26,1
67,1194,26,1
67,1272,7,1
67,1321,26,1
67,1353,26,1
67,1463,26,1
67,1464,26,1
67,1465,26,2
67,1466,26,2
67,1467,26,1
67,1468,26,1
67,1469,26,1
67,1470,26,1
67,1471,26,2
67,1472,26,1
67,1473,26,1
67,1474,26,1
67,1475,26,1
67,1476,26,1
67,1477,26,1
67,1478,26,1
67,1479,26,1
67,1480,26,1
67,1481,26,1
67,1482,26,1
67,1483,26,1
67,1484,26,1
67,1485,26,1
67,1486,26,1
67,1487,26,1
67,1488,26,1
67,1489,26,1
67,1490,26,2
67,1491,26,1
67,1492,26,1
67,1493,26,1
67,1494,26,1
67,1495,26,1
67,1496,26,1
67,1497,26,1
67,1498,26,1
67,1499,26,1
67,1500,26,1
67,1501,26,1
67,1502,26,1
67,1503,26,1
67,1504,26,1
67,1505,7,1
67,1506,26,1
67,1507,26,1
67,1508,26,1
67,1509,26,1
67,1510,26,1
67,1511,26,1
67,1512,26,1
68,124,23,1
68,227,13,1
68,756,45,1
68,831,45,1
68,933,23,1
68,976,45,1
68,1155,13,1
68,1513,13,1
68,1514,13,1
68,1515,13,1
68,1516,13,1
68,1517,13,1
69,0,13,1
69,1,13,1
69,2,13,1
69,32,13,1
69,44,33,2
69,64,13,1
69,93,13,1
69,166,33,1
69,292,33,1
69,472,33,1
69,756,33,1
69,819,33,1
69,831,33,2
69,945,33,1
69,992,33,1
69,1018,33,1
69,1375,33,1
69,1518,33,1
69,1519,33,1
69,1520,33,1
69,1521,33,1
69,1522,33,3
69,1523,33,1
69,1524,33,1
69,1525,33,1
69,1526,33,1
69,1527,13,1
69,1528,33,1
69,1529,33,1
69,1530,33,1
69,1531,33,1
69,1532,13,1
69,1533,33,1
69,1534,33,1
69,1535,33,1
69,1536,33,1
69,1537,13,1
69,1538,33,1
69,1539,33,1
69,1540,33,1
69,1541,33,1
69,1542,33,1
69,1543,33,2
70,755,13,1
70,1106,13,1
70,1440,13,1
70,1527,13,1
70,1544,13,2
70,1545,13,1
70,1546,13,1
70,1547,13,1
70,1548,13,1
70,1549,13,1
71,755,13,1
71,1106,13,1
71,1440,13,1
71,1527,13,1
71,1544,13,2
71,1545,13,1
71,1546,13,1
71,1547,13,1
71,1548,13,1
71,1549,13,1
72,59,27,1
72,68,27,1
72,841,28,1
72,854,28,1
72,1014,27,1
72,1106,13,1
72,1134,27,1
72,1527,13,1
72,1545,13,1
72,1550,27,1
72,1551,27,1
72,1552,27,1
72,1553,27,1
72,1554,27,1
72,1555,27,1
73,36,29,1
73,41,29,1
73,115,29,1
73,120,29,1
73,258,29,1
73,299,8,2
73,300,29,1
73,313,29,1
73,523,29,1
73,597,29,1
73,741,29,1
73,833,29,1
73,1058,8,3
73,1239,29,1
73,1292,29,1
73,1342,29,1
73,1367,29,1
73,1556,29,1
73,1557,29,1
73,1558,29,2
73,1559,29,1
73,1560,29,1
73,1561,29,1
73,1562,29,1
73,1563,29,1
73,1564,29,1
73,1565,29,1
73,1566,29,1
73,1567,29,1
73,1568,29,1
73,1569,29,1
73,1570,29,1
73,1571,29,1
73,1572,29,2
73,1573,29,1
73,1574,29,1
73,1575,29,1
73,1576,29,1
73,1577,29,2
73,1578,29,1
73,1579,29,1
73,1580,29,1
73,1581,29,1
73,1582,29,1
73,1583,29,2
73,1584,29,2
73,1585,29,1
73,1586,29,1
73,1587,29,1
73,1588,29,1
73,1589,29,1
73,1590,29,1
73,1591,29,1
73,1592,29,1
73,1593,8,2
73,1594,29,1
73,1595,29,1
73,1596,29,1
73,1597,29,1
73,1598,29,1
73,1599,29,1
73,1600,29,1
73,1601,29,1
73,1602,29,1
73,1603,29,1
73,1604,29,1
73,1605,29,2
73,1606,29,1
73,1607,29,1
73,1608,29,1
73,1609,29,1
73,1610,29,1
73,1611,29,1
73,1612,29,1
73,1613,29,1
73,1614,29,1
73,1615,29,1
73,1616,29,1
74,131,48,1
74,839,48,2
74,840,48,2
74,893,48,1
74,1106,48,1
74,1159,48,1
74,1455,48,2
74,1456,48,1
74,1457,48,1
74,1458,48,1
74,1459,48,1
74,1460,48,1
74,1461,48,1
74,1462,48,1
75,131,48,1
75,839,48,2
75,840,48,2
75,893,48,1
75,1106,48,1
75,1159,48,1
75,1455,48,2
75,1456,48,1
75,1457,48,1
75,1458,48,1
75,1459,48,1
75,1460,48,1
75,1461,48,1
75,1462,48,1
76,131,48,1
76,839,48,2
76,840,48,2
76,893,48,1
76,1106,48,1
76,1159,48,1
76,1455,48,2
76,1456,48,1
76,1457,48,1
76,1458,48,1
76,1459,48,1
76,1460,48,1
76,1461,48,1
76,1462,48,1
77,1617,2,1
78,1617,2,1
79,131,10,1
79,143,10,3
79,597,10,1
79,731,10,1
79,841,10,1
79,883,10,1
79,893,10,1
79,1618,10,2
79,1619,10,2
79,1620,10,2
79,1621,10,2
79,1622,10,1
79,1623,10,1
79,1624,10,1
79,1625,10,1
79,1626,10,1
79,1627,10,1
80,131,10,1
80,143,10,3
80,597,10,1
80,731,10,1
80,841,10,1
80,883,10,1
80,893,10,1
80,1618,10,2
80,1619,10,2
80,1620,10,2
80,1621,10,2
80,1622,10,1
80,1623,10,1
80,1624,10,1
80,1625,10,1
80,1626,10,1
80,1627,10,1
81,27,35,1
81,33,35,1
81,36,39,1
81,40,39,2
81,124,39,3
81,212,7,1
81,374,28,1
81,552,7,1
81,650,7,1
81,772,39,1
81,816,39,1
81,831,28,1
81,839,48,3
81,840,48,1
81,848,39,2
81,854,28,1
81,867,28,1
81,868,28,1
81,942,39,1
81,943,39,1
81,999,39,1
81,1007,39,1
81,1106,48,1
81,1220,7,1
81,1239,39,1
81,1296,39,1
81,1375,7,1
81,1599,39,1
81,1628,39,2
81,1629,39,1
81,1630,39,1
81,1631,39,1
81,1632,39,1
81,1633,39,1
81,1634,39,1
81,1635,39,1
81,1636,39,1
81,1637,39,1
81,1638,39,1
81,1639,39,1
81,1640,39,1
81,1641,39,1
81,1642,39,1
81,1643,39,1
81,1644,39,1
81,1645,39,1
81,1646,39,1
81,1647,39,1
81,1648,39,1
81,1649,39,2
81,1650,39,1
81,1651,39,1
81,1652,39,1
81,1653,39,1
81,1654,39,1
81,1655,39,1
81,1656,39,1
81,1657,39,1
81,1658,39,1
81,1659,39,1
81,1660,39,1
81,1661,39,1
82,120,5,1
82,1473,5,1
82,1662,5,1
83,59,39,1
83,124,39,1
83,257,39,1
83,542,39,1
83,755,39,1
83,803,39,1
83,840,20,1
83,943,39,1
83,1134,20,1
83,1591,39,1
83,1644,39,1
83,1645,39,1
83,1663,39,1
83,1664,39,2
83,1665,39,1
83,1666,39,1
83,1667,39,1
83,1668,39,1
83,1669,39,1
83,1670,39,1
83,1671,39,1
83,1672,39,1
83,1673,39,1
83,1674,39,1
83,1675,39,1
84,4,6,1
84,13,27,1
84,36,17,1
84,45,43,1
84,59,27,1
84,68,27,1
84,84,43,1
84,86,17,1
84,112,17,5
84,114,17,2
84,142,17,1
84,300,17,1
84,373,17,1
84,397,17,1
84,418,17,1
84,489,17,2
84,498,17,1
84,507,17,1
84,557,17,1
84,575,17,2
84,629,17,2
84,658,17,1
84,697,17,1
84,758,17,1
84,773,6,1
84,848,17,1
84,850,17,1
84,923,17,1
84,976,17,8
84,1017,27,1
84,1106,17,3
84,1151,17,1
84,1224,6,1
84,1292,17,1
84,1327,43,1
84,1331,43,1
84,1357,17,1
84,1412,17,1
84,1481,17,1
84,1594,17,1
84,1645,17,1
84,1676,17,2
84,1677,17,2
84,1678,17,1
84,1679,17,1
84,1680,27,4
84,1681,17,4
84,1682,27,1
84,1683,17,2
84,1684,17,3
84,1685,17,1
84,1686,17,1
84,1687,17,1
84,1688,17,1
84,1689,17,1
84,1690,17,1
84,1691,17,1
84,1692,17,1
84,1693,17,1
84,1694,17,1
84,1695,17,1
84,1696,17,1
84,1697,17,1
84,1698,17,1
84,1699,17,1
84,1700,17,1
84,1701,17,1
84,1702,17,1
84,1703,17,1
84,1704,17,1
84,1705,17,1
84,1706,17,1
84,1707,17,1
84,1708,17,1
84,1709,27,1
84,1710,17,1
84,1711,17,1
84,1712,17,1
85,36,2,1
85,58,2,1
85,90,23,1
85,124,23,1
85,156,23,1
85,299,23,2
85,303,23,1
85,304,23,1
85,612,23,1
85,622,23,1
85,665,23,1
85,794,23,1
85,907,23,1
85,925,23,1
85,1106,23,1
85,1256,23,1
85,1713,23,2
85,1714,23,5
85,1715,23,1
85,1716,23,1
85,1717,23,1
85,1718,23,1
85,1719,23,1
85,1720,23,1
85,1721,23,1
85,1722,23,1
85,1723,23,1
85,1724,23,1
85,1725,23,1
85,1726,23,1
85,1727,23,1
85,1728,23,1
85,1729,23,1
86,523,44,1
86,1128,44,1
86,1194,44,1
86,1730,44,1
86,1731,44,1
86,1732,44,1
86,1733,44,1
86,1734,44,1
86,1735,44,1
86,1736,44,1
86,1737,44,1
87,46,27,1
87,59,27,2
87,60,7,2
87,68,27,1
87,104,27,1
87,105,32,1
87,212,7,1
87,258,23,1
87,283,27,1
87,509,27,1
87,571,27,1
87,624,27,1
87,634,7,1
87,650,7,2
87,743,23,1
87,756,27,1
87,762,27,1
87,792,27,1
87,794,32,1
87,817,32,1
87,819,27,1
87,840,48,2
87,873,27,1
87,1017,27,1
87,1159,48,1
87,1239,27,1
87,1319,27,1
87,1362,27,1
87,1525,27,2
87,1551,27,3
87,1605,32,2
87,1641,27,1
87,1680,27,4
87,1682,27,1
87,1709,27,2
87,1714,23,3
87,1738,27,1
87,1739,27,1
87,1740,27,1
87,1741,27,1
87,1742,27,1
87,1743,27,1
87,1744,27,1
87,1745,27,1
87,1746,27,1
87,1747,27,1
87,1748,27,1
87,1749,27,2
87,1750,27,1
87,1751,27,1
87,1752,27,1
87,1753,27,1
87,1754,27,1
87,1755,27,1
87,1756,27,1
87,1757,27,1
87,1758,27,1
88,60,7,1
88,111,7,1
88,124,23,1
88,655,7,1
88,1107,23,1
88,1759,7,1
88,1760,7,1
88,1761,7,1
89,21,23,1
89,124,23,3
89,212,7,1
89,299,23,1
89,461,7,1
89,552,7,1
89,634,7,1
89,745,23,1
89,867,23,1
89,917,23,1
89,1107,23,2
89,1159,23,1
89,1285,7,1
89,1376,7,1
89,1477,23,1
89,1680,23,1
89,1714,23,1
89,1762,23,1
89,1763,23,1
89,1764,23,1
89,1765,23,1
89,1766,23,1
90,59,42,1
90,90,42,1
90,101,42,1
90,579,42,1
90,700,42,1
90,812,42,1
90,819,42,1
90,1106,48,2
90,1159,48,1
90,1353,42,1
90,1714,42,1
90,1767,42,1
90,1768,42,1
90,1769,42,1
90,1770,42,1
90,1771,42,1
90,1772,42,1
90,1773,42,1
90,1774,42,1
90,1775,42,1
90,1776,42,1
90,1777,42,2
90,1778,42,1
90,1779,42,1
90,1780,42,1
90,1781,42,1
90,1782,42,1
90,1783,42,1
90,1784,42,1
90,1785,42,1
90,1786,42,1
90,1787,42,1
91,49,6,1
91,64,6,1
91,72,6,1
91,143,20,2
91,144,6,1
91,318,6,1
91,484,20,1
91,516,20,2
91,517,20,1
91,518,20,1
91,519,20,1
91,723,6,1
91,756,6,1
91,773,6,1
91,1224,6,2
91,1296,6,1
91,1682,6,1
91,1788,6,1
91,1789,6,1
91,1790,6,1
91,1791,6,1
92,49,6,1
92,64,6,1
92,72,6,1
92,143,20,2
92,144,6,1
92,318,6,1
92,484,20,1
92,516,20,2
92,517,20,1
92,518,20,1
92,519,20,1
92,723,6,1
92,756,6,1
92,773,6,1
92,1224,6,2
92,1296,6,1
92,1682,6,1
92,1788,6,1
92,1789,6,1
92,1790,6,1
92,1791,6,1
93,16,6,1
93,61,6,1
93,84,6,1
93,143,20,2
93,144,6,1
93,163,6,1
93,188,6,1
93,212,6,1
93,219,20,1
93,238,6,1
93,484,20,1
93,516,20,2
93,518,20,1
93,519,20,1
93,527,6,1
93,732,6,1
93,1224,6,1
93,1240,6,1
93,1286,6,1
93,1296,6,2
93,1334,6,1
93,1677,6,1
93,1792,6,1
93,1793,6,1
93,1794,6,1
93,1795,6,1
93,1796,6,1
93,1797,6,1
93,1798,6,1
93,1799,6,1
93,1800,6,1
93,1801,6,1
94,0,13,1
94,1,13,1
94,2,13,1
94,22,45,1
94,120,5,1
94,157,30,1
94,163,30,1
94,219,45,1
94,222,45,1
94,518,45,1
94,595,5,1
94,697,5,2
94,733,5,1
94,985,45,1
94,1532,13,2
94,1682,5,1
94,1802,5,1
94,1803,5,1
94,1804,5,1
94,1805,5,1
94,1806,5,1
94,1807,30,1
94,1808,5,1
95,511,18,1
96,0,34,1
96,1,34,1
96,2,34,1
96,60,7,2
96,70,44,1
96,71,44,1
96,72,44,1
96,83,25,1
96,90,25,1
96,99,25,1
96,104,25,1
96,109,25,2
96,124,34,1
96,180,34,1
96,212,7,1
96,260,44,1
96,461,7,1
96,470,44,1
96,741,44,1
96,743,44,1
96,786,44,2
96,917,44,1
96,931,44,1
96,1056,44,1
96,1100,44,1
96,1194,44,1
96,1309,44,1
96,1505,7,1
96,1520,7,2
96,1709,44,1
96,1772,44,1
96,1787,44,1
96,1809,44,1
96,1810,44,1
96,1811,44,2
96,1812,44,1
96,1813,44,1
96,1814,44,1
96,1815,44,1
96,1816,44,1
96,1817,44,1
96,1818,44,1
96,1819,44,1
96,1820,44,1
96,1821,44,1
96,1822,44,1
96,1823,44,1
96,1824,44,1
96,1825,44,1
96,1826,44,1
96,1827,44,1
96,1828,44,1
96,1829,44,1
96,1830,44,1
96,1831,44,1
96,1832,44,1
96,1833,44,1
96,1834,44,1
96,1835,44,1
96,1836,44,1
97,0,13,1
97,1,13,1
97,2,13,1
97,32,13,1
97,34,30,1
97,52,30,1
97,59,30,1
97,64,13,1
97,160,30,2
97,515,30,1
97,629,30,1
97,631,30,1
97,780,30,1
97,817,30,1
97,846,30,1
97,890,30,1
97,900,30,1
97,1013,30,1
97,1138,30,1
97,1158,30,2
97,1256,30,1
97,1263,30,1
97,1348,30,1
97,1419,30,1
97,1482,30,1
97,1537,13,1
97,1733,30,1
97,1807,30,1
97,1837,30,1
97,1838,30,1
97,1839,30,1
97,1840,30,1
97,1841,30,1
97,1842,30,1
97,1843,30,1
97,1844,30,1
97,1845,30,1
97,1846,30,1
97,1847,30,1
97,1848,30,1
97,1849,30,1
97,1850,30,1
97,1851,30,1
97,1852,30,1
97,1853,30,1
97,1854,30,1
97,1855,30,1
97,1856,30,1
97,1857,30,1
97,1858,30,1
97,1859,30,1
97,1860,30,1
97,1861,30,1
97,1862,30,1
97,1863,30,1
98,0,13,1
98,1,13,1
98,2,13,1
98,235,13,1
98,399,40,1
98,498,40,1
98,1684,40,1
98,1864,40,1
98,1865,40,1
98,1866,40,1
98,1867,40,1
98,1868,40,1
98,1869,40,1
98,1870,40,1
98,1871,40,1
98,1872,40,1
98,1873,40,1
99,9,2,3
99,21,2,1
99,51,2,2
99,60,2,1
99,143,20,6
99,219,20,3
99,257,2,1
99,422,2,3
99,484,20,3
99,516,20,6
99,518,20,3
99,519,20,3
99,773,2,1
99,792,2,1
99,990,2,1
99,1172,20,1
99,1622,2,1
99,1874,2,1
99,1875,2,1
99,1876,2,3
99,1877,2,1
99,1878,2,1
99,1879,2,2
99,1880,2,1
99,1881,2,1
99,1882,2,1
99,1883,2,1
99,1884,2,1
99,1885,2,1
